{"cameraMode":{"drawMode":0,"name":"Shaded","section":"Shading Mode"},"sceneLighting":true,"audioPlay":false,"sceneViewState":{"showFog":false,"showMaterialUpdate":false,"showSkybox":false,"showFlares":false,"showImageEffects":false,"showParticleSystems":false},"in2DMode":false,"pivot":{"x":40.83200454711914,"y":-0.15021848678588868,"z":-1.9802817106246949},"rotation":{"x":0.42193177342414858,"y":0.49056583642959597,"z":-0.29426252841949465,"w":0.7033922672271729},"size":3.7631802558898927,"orthographic":false}