{"cameraMode":{"drawMode":0,"name":"Shaded","section":"Shading Mode"},"sceneLighting":false,"audioPlay":false,"sceneViewState":{"showFog":false,"showMaterialUpdate":false,"showSkybox":false,"showFlares":false,"showImageEffects":false,"showParticleSystems":false},"in2DMode":false,"pivot":{"x":8.278855323791504,"y":5.871314525604248,"z":-2.3558716773986818},"rotation":{"x":-0.3569636642932892,"y":0.22562992572784425,"z":-0.0892842710018158,"w":-0.9020637273788452},"size":1.0113974809646607,"orthographic":false}