{"cameraMode":{"drawMode":0,"name":"Shaded","section":"Shading Mode"},"sceneLighting":false,"audioPlay":false,"sceneViewState":{"showFog":false,"showMaterialUpdate":false,"showSkybox":false,"showFlares":false,"showImageEffects":false,"showParticleSystems":false},"in2DMode":false,"pivot":{"x":2.9802322387695315e-8,"y":0.24151363968849183,"z":0.017879094928503038},"rotation":{"x":-0.3355563282966614,"y":0.0893978625535965,"z":-0.03200569003820419,"w":-0.9372312426567078},"size":0.36856746673583987,"orthographic":false}