{"cameraMode":{"drawMode":0,"name":"Shaded","section":"Shading Mode"},"sceneLighting":false,"audioPlay":false,"sceneViewState":{"showFog":false,"showMaterialUpdate":false,"showSkybox":false,"showFlares":false,"showImageEffects":false,"showParticleSystems":false},"in2DMode":false,"pivot":{"x":0.0,"y":-0.0009855031967163087,"z":-0.079445481300354},"rotation":{"x":-0.3355563282966614,"y":0.0893978625535965,"z":-0.03200569003820419,"w":-0.9372312426567078},"size":0.35771822929382326,"orthographic":false}