{"cameraMode":{"drawMode":0,"name":"Shaded","section":"Shading Mode"},"sceneLighting":false,"audioPlay":false,"sceneViewState":{"showFog":false,"showMaterialUpdate":false,"showSkybox":false,"showFlares":false,"showImageEffects":false,"showParticleSystems":false},"in2DMode":false,"pivot":{"x":9.930516242980957,"y":-15.684070587158204,"z":46.23704147338867},"rotation":{"x":-0.16935224831104279,"y":-0.11297436058521271,"z":0.019540706649422647,"w":-0.9788775444030762},"size":34.062767028808597,"orthographic":false}